,Movie ID,Cast ID
0,1,1
1,1,2
2,1,3
3,1,4
4,1,5
5,1,6
6,1,7
7,1,8
8,1,9
9,1,10
10,1,11
11,1,12
12,1,13
13,1,14
14,1,15
15,1,16
16,1,17
17,1,18
18,2,19
19,2,20
20,2,21
21,2,22
22,2,23
23,2,24
24,2,25
25,2,26
26,2,27
27,2,28
28,2,29
29,2,30
30,2,31
31,2,32
32,2,33
33,2,34
34,2,35
35,2,36
36,3,37
37,3,38
38,3,39
39,3,40
40,3,41
41,3,42
42,3,2
43,3,43
44,3,44
45,3,45
46,3,46
47,3,47
48,3,48
49,3,49
50,3,50
51,3,51
52,3,52
53,3,53
54,4,54
55,4,55
56,4,24
57,4,22
58,4,32
59,4,30
60,4,56
61,4,57
62,4,58
63,4,59
64,4,60
65,4,61
66,4,62
67,4,63
68,4,64
69,4,35
70,4,65
71,4,66
72,5,67
73,5,68
74,5,69
75,5,70
76,5,71
77,5,72
78,5,73
79,5,74
80,5,75
81,5,76
82,5,77
83,5,78
84,5,33
85,5,79
86,5,80
87,5,81
88,5,82
89,5,83
90,6,84
91,6,85
92,6,86
93,6,87
94,6,88
95,6,89
96,6,90
97,6,91
98,6,92
99,6,93
100,6,94
101,6,95
102,6,96
103,6,97
104,6,98
105,6,99
106,6,100
107,6,101
108,7,102
109,7,103
110,7,104
111,7,105
112,7,106
113,7,107
114,7,108
115,7,109
116,7,110
117,7,111
118,7,112
119,7,113
120,7,114
121,7,115
122,7,116
123,7,117
124,7,118
125,7,119
126,8,120
127,8,121
128,8,122
129,8,123
130,8,124
131,8,125
132,8,126
133,8,127
134,8,128
135,8,129
136,8,130
137,8,131
138,8,132
139,8,133
140,8,134
141,8,135
142,8,136
143,8,137
144,9,102
145,9,104
146,9,105
147,9,111
148,9,138
149,9,106
150,9,108
151,9,139
152,9,113
153,9,140
154,9,116
155,9,103
156,9,141
157,9,142
158,9,112
159,9,143
160,9,144
161,9,145
162,10,146
163,10,147
164,10,148
165,10,149
166,10,150
167,10,151
168,10,152
169,10,153
170,10,154
171,10,155
172,10,156
173,10,157
174,10,158
175,10,159
176,10,160
177,10,161
178,10,162
179,10,163
180,11,164
181,11,165
182,11,166
183,11,167
184,11,168
185,11,169
186,11,170
187,11,171
188,11,172
189,11,173
190,11,174
191,11,175
192,11,176
193,11,177
194,11,178
195,11,179
196,11,180
197,11,181
198,12,182
199,12,183
200,12,184
201,12,185
202,12,186
203,12,187
204,12,188
205,12,189
206,12,190
207,12,191
208,12,192
209,12,193
210,12,194
211,12,195
212,12,196
213,12,197
214,12,198
215,12,199
216,13,102
217,13,104
218,13,103
219,13,105
220,13,200
221,13,108
222,13,110
223,13,139
224,13,112
225,13,113
226,13,201
227,13,202
228,13,203
229,13,204
230,13,119
231,13,205
232,13,206
233,13,145
234,14,207
235,14,208
236,14,209
237,14,210
238,14,211
239,14,212
240,14,45
241,14,213
242,14,214
243,14,215
244,14,40
245,14,216
246,14,217
247,14,218
248,14,219
249,14,220
250,14,221
251,14,222
252,15,223
253,15,224
254,15,225
255,15,226
256,15,227
257,15,228
258,15,229
259,15,230
260,15,231
261,15,232
262,15,233
263,15,234
264,15,235
265,15,236
266,15,237
267,15,238
268,15,239
269,15,240
270,15,241
271,16,242
272,16,243
273,16,244
274,16,245
275,16,246
276,16,247
277,16,248
278,16,249
279,16,250
280,16,251
281,16,252
282,16,253
283,16,254
284,16,109
285,16,255
286,16,256
287,16,257
288,16,258
289,17,259
290,17,260
291,17,261
292,17,262
293,17,263
294,17,63
295,17,264
296,17,265
297,17,266
298,17,267
299,17,268
300,17,269
301,17,270
302,17,271
303,17,272
304,17,273
305,17,274
306,17,275
307,18,276
308,18,277
309,18,278
310,18,279
311,18,280
312,18,281
313,18,282
314,18,283
315,18,284
316,18,285
317,18,286
318,18,287
319,18,288
320,18,289
321,18,290
322,18,291
323,18,292
324,18,293
325,19,294
326,19,295
327,19,296
328,19,297
329,19,298
330,19,299
331,19,300
332,19,301
333,19,302
334,19,303
335,19,304
336,19,305
337,19,306
338,19,307
339,19,308
340,19,309
341,19,310
342,19,311
343,20,312
344,20,313
345,20,314
346,20,315
347,20,316
348,20,317
349,20,318
350,20,319
351,20,320
352,20,321
353,20,322
354,20,323
355,20,324
356,20,325
357,20,326
358,20,327
359,20,328
360,20,329
361,21,330
362,21,331
363,21,332
364,21,333
365,21,334
366,21,335
367,21,336
368,21,337
369,21,338
370,21,339
371,21,340
372,21,341
373,21,342
374,21,343
375,21,344
376,21,345
377,21,346
378,21,347
379,22,348
380,22,349
381,22,350
382,22,351
383,22,352
384,22,353
385,22,354
386,22,355
387,22,356
388,22,357
389,22,358
390,22,359
391,22,360
392,22,361
393,22,40
394,22,362
395,22,363
396,22,364
397,23,365
398,23,366
399,23,367
400,23,368
401,23,369
402,23,370
403,23,371
404,23,372
405,23,373
406,23,374
407,23,375
408,23,376
409,23,377
410,23,378
411,23,379
412,23,380
413,23,381
414,23,382
415,24,383
416,24,384
417,24,385
418,24,386
419,24,387
420,24,388
421,24,389
422,24,390
423,24,391
424,24,392
425,24,393
426,24,394
427,24,395
428,24,396
429,24,397
430,24,398
431,24,399
432,24,400
433,25,164
434,25,401
435,25,402
436,25,403
437,25,404
438,25,405
439,25,406
440,25,407
441,25,408
442,25,409
443,25,410
444,25,411
445,25,412
446,25,413
447,25,414
448,25,415
449,25,416
450,25,417
451,26,418
452,26,419
453,26,420
454,26,421
455,26,422
456,26,423
457,26,424
458,26,425
459,26,426
460,26,427
461,26,428
462,26,429
463,26,430
464,26,431
465,26,432
466,26,433
467,26,434
468,26,435
469,27,436
470,27,437
471,27,438
472,27,439
473,27,440
474,27,441
475,27,442
476,27,443
477,27,444
478,27,445
479,27,446
480,27,447
481,27,448
482,27,449
483,27,450
484,27,451
485,27,452
486,27,453
487,28,164
488,28,454
489,28,455
490,28,456
491,28,457
492,28,458
493,28,459
494,28,460
495,28,461
496,28,404
497,28,9
498,28,462
499,28,463
500,28,464
501,28,465
502,28,4
503,28,466
504,28,467
505,29,223
506,29,224
507,29,225
508,29,232
509,29,468
510,29,227
511,29,230
512,29,229
513,29,228
514,29,469
515,29,470
516,29,471
517,29,472
518,29,473
519,29,474
520,29,475
521,29,476
522,29,477
523,30,478
524,30,479
525,30,480
526,30,481
527,30,482
528,30,483
529,30,484
530,30,485
531,30,486
532,30,487
533,30,488
534,30,489
535,30,490
536,30,491
537,30,492
538,30,493
539,30,494
540,30,495
541,31,496
542,31,293
543,31,497
544,31,498
545,31,499
546,31,500
547,31,501
548,31,502
549,31,503
550,31,504
551,31,505
552,31,506
553,31,507
554,31,508
555,31,509
556,31,510
557,31,511
558,31,512
559,32,513
560,32,514
561,32,515
562,32,516
563,32,517
564,32,518
565,32,519
566,32,520
567,32,521
568,32,522
569,32,523
570,32,524
571,32,525
572,32,526
573,32,527
574,32,528
575,32,529
576,33,530
577,33,531
578,33,532
579,33,533
580,33,534
581,33,535
582,33,536
583,33,537
584,33,538
585,33,539
586,33,540
587,33,541
588,33,542
589,33,543
590,33,544
591,33,545
592,33,546
593,33,547
594,34,548
595,34,549
596,34,550
597,34,551
598,34,69
599,34,552
600,34,553
601,34,322
602,34,554
603,34,555
604,34,556
605,34,557
606,34,558
607,34,559
608,34,560
609,34,561
610,34,562
611,34,563
612,35,564
613,35,565
614,35,566
615,35,567
616,35,568
617,35,569
618,35,570
619,35,571
620,35,572
621,35,573
622,35,574
623,35,575
624,35,576
625,35,577
626,35,578
627,35,579
628,35,580
629,35,581
630,36,582
631,36,583
632,36,584
633,36,585
634,36,586
635,36,587
636,36,588
637,36,589
638,36,590
639,36,591
640,36,592
641,36,593
642,36,594
643,36,595
644,36,596
645,36,597
646,36,598
647,36,599
648,37,600
649,37,601
650,37,602
651,37,603
652,37,604
653,37,605
654,37,606
655,37,607
656,37,608
657,37,609
658,37,610
659,37,611
660,37,612
661,37,613
662,37,614
663,37,615
664,37,616
665,37,617
666,38,618
667,38,42
668,38,619
669,38,620
670,38,621
671,38,622
672,38,623
673,38,624
674,38,625
675,38,626
676,38,627
677,38,628
678,38,629
679,38,630
680,38,631
681,38,632
682,38,633
683,38,634
684,39,635
685,39,480
686,39,636
687,39,637
688,39,638
689,39,639
690,39,640
691,39,641
692,39,642
693,39,643
694,39,644
695,39,645
696,39,646
697,39,647
698,39,648
699,39,649
700,39,650
701,39,651
702,40,207
703,40,401
704,40,652
705,40,653
706,40,654
707,40,655
708,40,656
709,40,657
710,40,658
711,40,659
712,40,660
713,40,661
714,40,7
715,40,662
716,40,663
717,40,664
718,40,665
719,40,666
720,41,667
721,41,668
722,41,669
723,41,670
724,41,671
725,41,672
726,41,673
727,41,674
728,41,675
729,41,676
730,41,677
731,41,678
732,41,679
733,41,680
734,41,681
735,41,682
736,41,683
737,41,684
738,42,37
739,42,685
740,42,686
741,42,40
742,42,687
743,42,688
744,42,689
745,42,690
746,42,140
747,42,691
748,42,692
749,42,693
750,42,694
751,42,695
752,42,696
753,42,697
754,42,698
755,42,699
756,43,700
757,43,701
758,43,702
759,43,703
760,43,704
761,43,705
762,43,215
763,43,706
764,43,707
765,43,708
766,43,709
767,43,710
768,43,711
769,43,712
770,43,713
771,43,714
772,43,715
773,43,716
774,44,717
775,44,718
776,44,719
777,44,720
778,44,721
779,44,722
780,44,723
781,44,724
782,44,725
783,44,726
784,44,727
785,44,728
786,44,729
787,44,730
788,44,731
789,44,732
790,44,733
791,44,734
792,45,735
793,46,736
794,46,737
795,46,738
796,46,739
797,46,740
798,46,741
799,46,742
800,46,743
801,46,744
802,46,745
803,46,746
804,46,747
805,46,748
806,46,749
807,46,750
808,46,751
809,46,752
810,46,753
811,47,754
812,47,755
813,47,401
814,47,756
815,47,757
816,47,758
817,47,759
818,47,760
819,47,761
820,47,762
821,47,763
822,47,764
823,47,765
824,47,766
825,47,767
826,47,768
827,47,769
828,47,770
829,48,771
830,48,772
831,48,773
832,48,774
833,48,775
834,48,776
835,48,777
836,48,778
837,48,779
838,48,780
839,48,781
840,48,782
841,48,783
842,48,784
843,48,785
844,48,786
845,48,787
846,48,788
847,49,789
848,49,790
849,49,791
850,49,792
851,49,793
852,49,794
853,49,795
854,49,796
855,49,797
856,49,798
857,49,799
858,49,800
859,49,801
860,49,802
861,49,803
862,49,804
863,49,805
864,49,806
865,50,807
866,50,808
867,50,809
868,50,810
869,50,811
870,50,812
871,50,813
872,50,814
873,50,66
874,50,815
875,50,816
876,50,817
877,50,818
878,50,819
879,50,820
880,50,821
881,50,822
882,51,67
883,51,823
884,51,824
885,51,825
886,51,826
887,51,827
888,51,828
889,51,829
890,51,830
891,51,831
892,51,832
893,51,833
894,51,834
895,51,835
896,51,836
897,51,837
898,51,838
899,51,839
900,52,312
901,52,840
902,52,841
903,52,842
904,52,843
905,52,844
906,52,845
907,52,846
908,52,847
909,52,848
910,52,849
911,52,850
912,52,851
913,52,852
914,52,853
915,52,854
916,52,855
917,52,856
918,53,857
919,53,858
920,53,859
921,53,860
922,53,463
923,53,144
924,53,861
925,53,862
926,53,863
927,53,864
928,54,865
929,55,866
930,55,867
931,55,24
932,55,868
933,55,869
934,55,243
935,55,870
936,55,224
937,55,871
938,55,58
939,55,872
940,55,873
941,55,874
942,55,875
943,55,876
944,55,877
945,55,878
946,55,879
947,55,880
948,56,881
949,56,244
950,56,247
951,56,882
952,56,883
953,56,884
954,56,885
955,56,886
956,56,887
957,56,888
958,56,889
959,56,890
960,56,891
961,56,892
962,56,893
963,57,894
964,57,895
965,57,896
966,57,897
967,57,122
968,57,898
969,57,899
970,57,900
971,57,901
972,57,902
973,57,903
974,57,904
975,57,905
976,57,906
977,57,907
978,57,908
979,57,909
980,57,910
981,58,911
982,58,912
983,58,913
984,58,914
985,58,915
986,58,916
987,58,917
988,58,918
989,58,919
990,58,920
991,58,921
992,58,922
993,58,923
994,58,924
995,58,925
996,58,926
997,58,927
998,58,928
999,59,929
1000,59,930
1001,59,931
1002,59,932
1003,59,933
1004,59,934
1005,59,935
1006,59,936
1007,59,937
1008,59,938
1009,59,939
1010,59,940
1011,59,941
1012,59,942
1013,59,943
1014,59,944
1015,60,945
1016,61,946
1017,61,947
1018,61,948
1019,61,949
1020,61,950
1021,61,951
1022,61,952
1023,61,953
1024,61,954
1025,61,955
1026,61,956
1027,61,957
1028,61,958
1029,61,959
1030,61,321
1031,61,960
1032,61,961
1033,61,962
1034,62,963
1035,62,964
1036,62,965
1037,62,966
1038,62,967
1039,62,968
1040,62,969
1041,62,970
1042,62,971
1043,62,972
1044,62,973
1045,62,974
1046,62,975
1047,62,976
1048,62,977
1049,62,978
1050,62,979
1051,62,980
1052,63,981
1053,63,982
1054,63,983
1055,63,984
1056,63,686
1057,63,985
1058,63,986
1059,63,987
1060,63,988
1061,63,989
1062,63,990
1063,63,991
1064,63,992
1065,63,993
1066,63,994
1067,63,995
1068,63,996
1069,63,997
1070,64,276
1071,64,998
1072,64,999
1073,64,282
1074,64,1000
1075,64,1001
1076,64,969
1077,64,1002
1078,64,1003
1079,64,1004
1080,64,1005
1081,64,1006
1082,64,1007
1083,64,1008
1084,64,1009
1085,64,1010
1086,64,1011
1087,64,1012
1088,65,789
1089,65,790
1090,65,1013
1091,65,1014
1092,65,1015
1093,65,1016
1094,65,1017
1095,65,1018
1096,65,1019
1097,65,1020
1098,65,1021
1099,65,1022
1100,65,793
1101,65,1023
1102,65,794
1103,65,1024
1104,65,1025
1105,65,1026
1106,66,1027
1107,66,1028
1108,66,1029
1109,66,1030
1110,66,1031
1111,66,1015
1112,66,1032
1113,66,1033
1114,66,1034
1115,66,1035
1116,66,1036
1117,66,1037
1118,66,1038
1119,66,1039
1120,66,1040
1121,66,560
1122,66,1041
1123,66,1042
1124,67,383
1125,67,387
1126,67,384
1127,67,395
1128,67,385
1129,67,1043
1130,67,386
1131,67,1044
1132,67,1045
1133,67,1046
1134,67,1047
1135,67,1048
1136,67,1049
1137,67,1050
1138,67,1051
1139,67,1052
1140,67,388
1141,67,394
1142,68,857
1143,68,1053
1144,68,1054
1145,68,670
1146,68,1055
1147,68,1056
1148,68,1057
1149,68,487
1150,68,1058
1151,68,7
1152,68,1059
1153,68,1060
1154,68,1061
1155,68,1062
1156,68,1063
1157,68,1064
1158,68,1065
1159,68,1066
1160,69,182
1161,69,1067
1162,69,1068
1163,69,1069
1164,69,895
1165,69,1070
1166,69,1071
1167,69,1072
1168,69,1073
1169,69,1074
1170,69,1075
1171,69,1076
1172,69,1077
1173,69,1078
1174,69,1079
1175,69,1080
1176,69,1081
1177,69,1082
1178,70,37
1179,70,211
1180,70,349
1181,70,42
1182,70,208
1183,70,214
1184,70,2
1185,70,40
1186,70,1083
1187,70,1084
1188,70,1085
1189,70,1086
1190,70,1087
1191,70,1088
1192,70,1089
1193,70,1090
1194,70,47
1195,70,1091
1196,71,700
1197,71,1092
1198,71,1093
1199,71,360
1200,71,1094
1201,71,1095
1202,71,1096
1203,71,1097
1204,71,1098
1205,71,1099
1206,71,1100
1207,71,1101
1208,71,1102
1209,71,1103
1210,71,1104
1211,71,1105
1212,71,1106
1213,71,1107
1214,72,1108
1215,72,1109
1216,72,25
1217,72,830
1218,72,1110
1219,72,1111
1220,72,602
1221,72,1112
1222,72,1113
1223,72,1114
1224,72,1115
1225,72,1116
1226,72,1117
1227,72,1118
1228,72,1119
1229,72,1120
1230,72,1121
1231,72,1122
1232,73,1123
1233,73,1124
1234,73,1125
1235,73,1126
1236,73,1127
1237,73,1128
1238,73,1129
1239,73,1130
1240,73,1131
1241,73,1132
1242,73,1133
1243,73,1134
1244,73,1135
1245,73,1136
1246,73,1137
1247,73,1138
1248,73,1139
1249,73,1140
1250,74,1141
1251,74,1142
1252,74,1143
1253,74,1144
1254,74,1145
1255,74,1146
1256,74,1147
1257,74,1148
1258,74,1149
1259,74,1150
1260,74,1151
1261,74,1152
1262,74,1153
1263,74,1154
1264,74,1155
1265,74,1156
1266,74,1157
1267,74,1158
1268,75,1159
1269,75,1160
1270,75,1161
1271,75,1162
1272,75,1163
1273,75,1164
1274,75,1165
1275,75,1166
1276,75,1167
1277,75,230
1278,75,1168
1279,75,1169
1280,75,1170
1281,75,1171
1282,75,1172
1283,75,1173
1284,75,1174
1285,75,1175
1286,76,164
1287,76,1176
1288,76,1177
1289,76,1178
1290,76,1179
1291,76,934
1292,76,1180
1293,76,1181
1294,76,1182
1295,76,1183
1296,76,304
1297,76,1184
1298,76,1185
1299,76,1186
1300,76,1187
1301,76,1188
1302,76,1189
1303,76,1190
1304,77,1191
1305,77,1192
1306,77,1193
1307,77,1194
1308,77,1195
1309,77,1196
1310,77,1197
1311,77,1198
1312,77,1199
1313,77,1200
1314,77,1201
1315,77,1202
1316,77,1203
1317,77,1204
1318,77,1205
1319,77,1206
1320,77,1207
1321,77,1208
1322,78,1209
1323,78,1210
1324,78,1211
1325,78,1212
1326,78,1213
1327,78,1214
1328,78,1215
1329,78,1216
1330,78,1217
1331,78,1218
1332,78,1219
1333,78,1220
1334,78,1221
1335,78,1222
1336,78,1223
1337,78,1224
1338,78,1225
1339,78,1226
1340,79,981
1341,79,984
1342,79,983
1343,79,982
1344,79,686
1345,79,1227
1346,79,985
1347,79,1228
1348,79,986
1349,79,988
1350,79,1229
1351,79,987
1352,79,990
1353,79,989
1354,79,1230
1355,79,1231
1356,79,1232
1357,79,993
1358,80,1233
1359,80,55
1360,80,1234
1361,80,1235
1362,80,1091
1363,80,393
1364,80,1236
1365,80,1237
1366,80,1238
1367,80,1239
1368,80,1240
1369,80,1241
1370,80,1242
1371,80,1243
1372,80,1244
1373,80,1245
1374,80,1246
1375,80,1247
1376,81,1248
1377,81,1249
1378,81,1250
1379,81,1251
1380,81,1252
1381,81,1253
1382,81,1254
1383,81,1255
1384,81,1256
1385,81,1257
1386,81,1258
1387,81,1259
1388,81,1260
1389,81,1261
1390,81,1262
1391,81,1263
1392,81,1264
1393,81,1265
1394,82,1266
1395,82,401
1396,82,1267
1397,82,1268
1398,82,1269
1399,82,1270
1400,82,1271
1401,82,364
1402,82,1272
1403,82,1273
1404,82,1274
1405,82,1275
1406,82,1276
1407,82,1277
1408,82,1278
1409,82,1279
1410,82,1280
1411,82,1281
1412,83,1282
1413,83,1283
1414,83,1284
1415,83,1285
1416,83,1286
1417,83,1287
1418,83,1288
1419,83,1289
1420,83,1290
1421,83,1291
1422,83,1292
1423,83,1293
1424,83,1294
1425,83,1295
1426,83,1296
1427,83,1297
1428,84,259
1429,84,1298
1430,84,1299
1431,84,1300
1432,84,1301
1433,84,1302
1434,84,261
1435,84,620
1436,84,1303
1437,84,1304
1438,84,1305
1439,84,1306
1440,84,1307
1441,84,1308
1442,84,59
1443,84,1309
1444,84,1310
1445,84,1311
1446,85,1312
1447,85,1313
1448,85,1314
1449,85,1315
1450,85,1316
1451,85,1317
1452,85,1318
1453,85,1319
1454,85,1320
1455,85,1321
1456,85,1322
1457,85,1323
1458,85,1324
1459,85,1325
1460,85,1326
1461,85,1327
1462,85,1328
1463,85,1329
1464,86,330
1465,86,1330
1466,86,1331
1467,86,1332
1468,86,1333
1469,86,336
1470,86,1334
1471,86,1335
1472,86,331
1473,86,1336
1474,86,1337
1475,86,1338
1476,86,1339
1477,86,1340
1478,86,337
1479,86,344
1480,86,1341
1481,86,1342
1482,86,1343
1483,87,1344
1484,87,1345
1485,87,1346
1486,87,1347
1487,87,1348
1488,87,1349
1489,87,1350
1490,87,1351
1491,87,1352
1492,87,1353
1493,87,1354
1494,87,1355
1495,87,1356
1496,87,1357
1497,87,1358
1498,87,1359
1499,87,1360
1500,87,1361
1501,88,1362
1502,88,1363
1503,88,1364
1504,88,1365
1505,88,1366
1506,88,1367
1507,88,1368
1508,88,1369
1509,88,1370
1510,88,1371
1511,88,1372
1512,88,1373
1513,88,1372
1514,88,1372
1515,88,1374
1516,88,1375
1517,88,1376
1518,88,1377
1519,88,1378
1520,89,1379
1521,89,1380
1522,89,1381
1523,89,1382
1524,89,1383
1525,89,1384
1526,89,1385
1527,89,1386
1528,89,273
1529,89,1387
1530,89,1388
1531,89,1389
1532,89,1390
1533,89,1391
1534,89,1392
1535,89,1393
1536,89,1394
1537,89,1395
1538,90,164
1539,90,1176
1540,90,1396
1541,90,1397
1542,90,1177
1543,90,1398
1544,90,1179
1545,90,934
1546,90,1399
1547,90,1181
1548,90,1400
1549,90,1401
1550,90,1183
1551,90,1402
1552,90,1403
1553,90,1404
1554,90,1405
1555,90,1406
1556,91,1407
1557,91,1408
1558,91,1409
1559,91,1410
1560,91,1411
1561,91,1412
1562,91,1413
1563,91,1414
1564,91,1415
1565,91,1416
1566,91,1417
1567,91,1418
1568,91,1419
1569,91,1420
1570,91,1421
1571,91,1422
1572,91,1423
1573,92,223
1574,92,224
1575,92,225
1576,92,226
1577,92,227
1578,92,229
1579,92,1424
1580,92,1425
1581,92,231
1582,92,602
1583,92,228
1584,92,232
1585,92,230
1586,92,1426
1587,92,1427
1588,92,1428
1589,92,475
1590,92,1429
1591,93,1430
1592,93,1431
1593,93,1432
1594,93,1433
1595,93,1434
1596,93,1435
1597,93,983
1598,93,1436
1599,93,1437
1600,93,1438
1601,93,1439
1602,93,1440
1603,93,1441
1604,93,1442
1605,93,1443
1606,93,1444
1607,93,1445
1608,93,1446
1609,94,1447
1610,94,1448
1611,94,1449
1612,94,1450
1613,94,1451
1614,94,1452
1615,94,1453
1616,94,1454
1617,94,1455
1618,94,1456
1619,94,1457
1620,94,1458
1621,94,1116
1622,94,1459
1623,94,1460
1624,94,1461
1625,94,1462
1626,94,1463
1627,95,1464
1628,95,1465
1629,95,1466
1630,95,1467
1631,95,1468
1632,95,1469
1633,95,1470
1634,95,1471
1635,95,1472
1636,95,1473
1637,95,1474
1638,95,1475
1639,95,1476
1640,95,1477
1641,95,1478
1642,95,1479
1643,95,1480
1644,95,1481
1645,96,1482
1646,96,124
1647,96,1483
1648,96,1484
1649,96,1485
1650,96,1486
1651,96,1487
1652,96,1488
1653,96,1489
1654,96,1490
1655,96,1491
1656,96,901
1657,96,1492
1658,96,1493
1659,96,1494
1660,96,1495
1661,96,1496
1662,96,1497
1663,97,1498
1664,97,1499
1665,97,1500
1666,97,1501
1667,97,1502
1668,97,1503
1669,97,1504
1670,97,340
1671,97,1505
1672,97,334
1673,97,1506
1674,97,1507
1675,97,1508
1676,97,1509
1677,97,1510
1678,97,1511
1679,97,1512
1680,97,1513
1681,97,1514
1682,97,1515
1683,98,1516
1684,98,232
1685,98,1517
1686,98,1518
1687,98,1519
1688,98,1520
1689,98,1521
1690,98,739
1691,98,1522
1692,98,1523
1693,98,1524
1694,98,1525
1695,98,1526
1696,98,1527
1697,98,1528
1698,98,1529
1699,98,1530
1700,98,1531
1701,99,1532
1702,99,1533
1703,99,1534
1704,99,1535
1705,99,1536
1706,99,1537
1707,99,1538
1708,99,1539
1709,99,1540
1710,99,1541
1711,99,1542
1712,99,1543
1713,99,1544
1714,99,1545
1715,99,1546
1716,99,1547
1717,99,1548
1718,99,1549
1719,100,1550
1720,100,1551
1721,100,1552
1722,100,1553
1723,100,1554
1724,100,1555
1725,100,1556
1726,100,1557
1727,100,1558
1728,100,1559
1729,100,1560
1730,100,1561
1731,100,1562
1732,100,1563
1733,100,1564
1734,100,1565
1735,100,1566
1736,100,1567
1737,101,1568
1738,101,1569
1739,101,1570
1740,101,1571
1741,101,1572
1742,101,1573
1743,101,1574
1744,101,1575
1745,101,1576
1746,101,1577
1747,101,1578
1748,101,1579
1749,101,1580
1750,101,1581
1751,101,1582
1752,101,1583
1753,101,1584
1754,101,1585
1755,102,1586
1756,102,1587
1757,102,1588
1758,102,1589
1759,102,1590
1760,102,1591
1761,102,1592
1762,102,1593
1763,102,1594
1764,102,1595
1765,102,1596
1766,102,1597
1767,102,1598
1768,102,1599
1769,102,73
1770,102,1600
1771,102,1601
1772,102,1602
1773,103,312
1774,103,1603
1775,103,1604
1776,103,1605
1777,103,1606
1778,103,1607
1779,103,1608
1780,103,1609
1781,103,1610
1782,103,1611
1783,103,1612
1784,103,1613
1785,103,1614
1786,103,1615
1787,103,1616
1788,103,1617
1789,103,1618
1790,103,1619
1791,104,1620
1792,104,1621
1793,104,1622
1794,104,1623
1795,104,1624
1796,104,1625
1797,104,1626
1798,104,1627
1799,104,1543
1800,104,1628
1801,104,1629
1802,104,1630
1803,104,1631
1804,104,1632
1805,104,1633
1806,104,1634
1807,104,1635
1808,104,1636
1809,105,1637
1810,105,1638
1811,105,1639
1812,105,1640
1813,105,1641
1814,105,1642
1815,105,776
1816,105,1643
1817,105,1644
1818,105,1645
1819,105,1646
1820,105,1647
1821,105,1648
1822,105,1649
1823,105,1650
1824,105,1651
1825,105,1652
1826,105,1653
1827,106,54
1828,106,1654
1829,106,1655
1830,106,1656
1831,106,1657
1832,106,1658
1833,106,1659
1834,106,1660
1835,106,1661
1836,106,1662
1837,106,1663
1838,106,1664
1839,106,1665
1840,106,1666
1841,106,1667
1842,106,1389
1843,106,1668
1844,106,1669
1845,107,1670
1846,107,304
1847,107,1671
1848,107,1672
1849,107,1673
1850,107,1674
1851,107,1675
1852,107,1676
1853,107,1677
1854,107,1678
1855,107,1679
1856,107,1680
1857,107,1681
1858,107,1682
1859,107,1683
1860,107,1684
1861,107,1685
1862,107,1686
1863,108,1687
1864,108,1688
1865,108,1689
1866,108,1690
1867,108,1691
1868,108,1692
1869,108,1693
1870,108,1694
1871,108,1695
1872,108,1696
1873,108,1697
1874,108,1698
1875,108,1699
1876,108,1700
1877,108,1701
1878,108,1702
1879,108,1703
1880,108,1704
1881,109,1705
1882,109,1706
1883,109,1707
1884,109,1708
1885,109,1709
1886,109,1710
1887,109,1711
1888,109,1712
1889,109,1713
1890,109,1714
1891,109,1715
1892,109,1716
1893,109,1717
1894,109,1718
1895,109,1719
1896,109,1720
1897,109,1721
1898,109,1722
1899,110,54
1900,110,55
1901,110,1723
1902,110,1724
1903,110,402
1904,110,1725
1905,110,1726
1906,110,1727
1907,110,1728
1908,110,1729
1909,110,368
1910,110,1730
1911,110,1731
1912,110,619
1913,110,1732
1914,110,1733
1915,110,1734
1916,110,1735
1917,111,1736
1918,111,1737
1919,111,934
1920,111,1738
1921,111,1739
1922,111,1740
1923,111,1741
1924,111,1742
1925,111,1743
1926,111,1744
1927,111,1745
1928,111,1746
1929,111,510
1930,111,1747
1931,111,1748
1932,111,1749
1933,111,1750
1934,111,1751
1935,112,1752
1936,112,1753
1937,112,1754
1938,112,1755
1939,112,1756
1940,112,1757
1941,112,1758
1942,112,1759
1943,112,1760
1944,112,1761
1945,112,1762
1946,112,1763
1947,112,1764
1948,112,1765
1949,112,1766
1950,112,1767
1951,112,1768
1952,112,1769
1953,113,1770
1954,113,1771
1955,113,1772
1956,113,1773
1957,113,1774
1958,113,1775
1959,113,1776
1960,113,1777
1961,113,1778
1962,113,1779
1963,113,1780
1964,113,24
1965,113,1781
1966,113,1782
1967,113,1783
1968,113,1784
1969,113,1785
1970,113,1786
1971,114,1787
1972,114,1788
1973,114,1789
1974,114,1790
1975,114,1571
1976,114,1791
1977,114,1792
1978,114,1793
1979,114,1794
1980,114,1795
1981,114,1796
1982,114,1797
1983,114,1798
1984,114,1799
1985,114,1800
1986,114,1801
1987,114,1802
1988,114,1803
1989,115,1804
1990,115,1805
1991,115,1806
1992,115,1807
1993,115,1808
1994,115,1809
1995,115,1810
1996,115,1811
1997,115,1812
1998,115,1813
1999,115,1814
2000,115,1815
2001,115,1816
2002,115,1817
2003,115,1818
2004,115,1819
2005,115,1820
2006,115,1821
2007,116,911
2008,116,1822
2009,116,1823
2010,116,916
2011,116,914
2012,116,1824
2013,116,1825
2014,116,1826
2015,116,1827
2016,116,1828
2017,116,1829
2018,116,1830
2019,116,1831
2020,116,1065
2021,116,1832
2022,116,1833
2023,116,1834
2024,116,1835
2025,117,1836
2026,117,1837
2027,117,1838
2028,117,1839
2029,117,1840
2030,117,1554
2031,117,1841
2032,117,1842
2033,117,1843
2034,117,1844
2035,117,1845
2036,117,1846
2037,117,1847
2038,117,1848
2039,117,1849
2040,117,1850
2041,117,1851
2042,117,1852
2043,118,1853
2044,118,1854
2045,118,1855
2046,118,1856
2047,118,1857
2048,118,1858
2049,118,1859
2050,118,1860
2051,118,1861
2052,118,1862
2053,118,1863
2054,118,1864
2055,118,1865
2056,118,1866
2057,118,1867
2058,118,1868
2059,118,1869
2060,118,1870
2061,119,1871
2062,119,1872
2063,119,1873
2064,119,1874
2065,119,1875
2066,119,1876
2067,119,1877
2068,119,1878
2069,119,1879
2070,119,1880
2071,119,1881
2072,119,1882
2073,119,1883
2074,119,1884
2075,119,1885
2076,119,1886
2077,119,1887
2078,119,1888
2079,120,1889
2080,120,295
2081,120,1890
2082,120,1891
2083,120,1892
2084,120,1893
2085,120,1894
2086,120,1895
2087,120,1896
2088,120,1897
2089,120,1898
2090,120,1899
2091,120,1900
2092,120,1901
2093,120,1902
2094,120,1903
2095,120,704
2096,120,1904
2097,121,1905
2098,121,1906
2099,121,1907
2100,121,1908
2101,121,1909
2102,121,1910
2103,121,1911
2104,121,1912
2105,121,1913
2106,121,1914
2107,121,1915
2108,121,1916
2109,121,1917
2110,121,1918
2111,121,1919
2112,121,1920
2113,122,700
2114,122,1921
2115,122,1922
2116,122,1923
2117,122,457
2118,122,284
2119,122,1924
2120,122,1925
2121,122,1926
2122,122,1927
2123,122,1928
2124,122,1929
2125,122,1930
2126,122,1931
2127,122,1932
2128,122,1933
2129,122,1934
2130,122,1935
2131,123,259
2132,123,1936
2133,123,1937
2134,123,1938
2135,123,1939
2136,123,1940
2137,123,1941
2138,123,1942
2139,123,1943
2140,123,1944
2141,123,1945
2142,123,1946
2143,123,1947
2144,123,1948
2145,123,1949
2146,123,1950
2147,123,1951
2148,123,1952
2149,124,1953
2150,124,1954
2151,124,1955
2152,124,1956
2153,124,1957
2154,124,1958
2155,124,1959
2156,124,1960
2157,124,1961
2158,124,1962
2159,124,1963
2160,124,1964
2161,124,1965
2162,124,1966
2163,124,1967
2164,124,1968
2165,124,1969
2166,124,1970
2167,125,1971
2168,126,1312
2169,126,1972
2170,126,1973
2171,126,1974
2172,126,1975
2173,126,1976
2174,126,1977
2175,126,1978
2176,126,1979
2177,126,1980
2178,126,1981
2179,126,1982
2180,126,1983
2181,126,1984
2182,126,1985
2183,126,1986
2184,126,1987
2185,126,1988
2186,127,146
2187,127,148
2188,127,1989
2189,127,1990
2190,127,150
2191,127,1991
2192,127,1992
2193,127,1993
2194,127,1994
2195,127,1995
2196,127,161
2197,127,1996
2198,127,1997
2199,127,1998
2200,127,1999
2201,127,2000
2202,127,2001
2203,127,2002
2204,127,2003
2205,127,2004
2206,128,37
2207,128,40
2208,128,210
2209,128,2005
2210,128,2006
2211,128,42
2212,128,45
2213,128,1432
2214,128,2007
2215,128,2008
2216,128,882
2217,128,2
2218,128,891
2219,128,1309
2220,128,52
2221,128,2009
2222,128,2010
2223,128,2011
2224,129,2012
2225,129,1381
2226,129,2013
2227,129,1723
2228,129,2014
2229,129,2015
2230,129,2016
2231,129,2017
2232,129,2018
2233,129,2019
2234,129,2020
2235,129,2021
2236,129,2022
2237,129,2023
2238,129,2024
2239,129,2025
2240,129,2026
2241,129,2027
2242,130,2028
2243,130,2029
2244,130,2030
2245,130,2031
2246,130,2032
2247,130,2033
2248,130,2034
2249,130,1575
2250,130,2035
2251,130,2036
2252,130,2037
2253,130,2038
2254,130,2039
2255,130,2040
2256,130,2041
2257,130,2042
2258,130,2043
2259,130,2044
2260,131,2045
2261,132,207
2262,132,2046
2263,132,2047
2264,132,2048
2265,132,2049
2266,132,2050
2267,132,2051
2268,132,2052
2269,132,2053
2270,132,2054
2271,132,2055
2272,132,1164
2273,132,393
2274,132,2056
2275,132,2057
2276,132,2058
2277,132,2059
2278,132,2060
2279,133,2061
2280,133,2062
2281,133,2063
2282,133,2064
2283,133,2065
2284,133,2066
2285,133,2067
2286,133,2068
2287,133,2069
2288,133,2070
2289,133,2071
2290,134,2072
2291,134,395
2292,134,2073
2293,134,2074
2294,134,2075
2295,134,2076
2296,134,2057
2297,134,645
2298,134,2077
2299,134,2078
2300,134,2079
2301,134,2080
2302,134,2081
2303,134,2082
2304,134,2083
2305,134,2084
2306,134,2085
2307,134,2086
2308,135,2087
2309,135,2088
2310,135,2089
2311,135,2090
2312,135,2091
2313,135,2092
2314,135,2093
2315,135,2094
2316,135,2095
2317,135,842
2318,135,2096
2319,135,2097
2320,135,2098
2321,135,2099
2322,135,2100
2323,135,2101
2324,135,2102
2325,135,2103
2326,136,2104
2327,136,2105
2328,136,2106
2329,136,1028
2330,136,2107
2331,136,2108
2332,136,2109
2333,136,2110
2334,136,2111
2335,136,2112
2336,136,2113
2337,136,2114
2338,136,2115
2339,136,73
2340,136,2116
2341,136,2117
2342,136,2118
2343,136,2119
2344,137,1430
2345,137,2120
2346,137,2121
2347,137,2122
2348,137,2123
2349,137,2124
2350,137,2125
2351,137,2126
2352,137,2127
2353,137,2128
2354,137,2129
2355,137,2130
2356,137,2131
2357,137,2132
2358,137,2133
2359,137,2134
2360,137,2135
2361,137,2136
2362,138,2137
2363,138,2138
2364,138,2139
2365,138,2140
2366,138,2141
2367,138,2142
2368,138,2143
2369,138,1100
2370,138,2144
2371,138,2145
2372,138,2146
2373,138,2147
2374,138,2148
2375,138,2149
2376,138,2150
2377,138,2151
2378,138,2152
2379,138,2153
2380,139,259
2381,139,2154
2382,139,261
2383,139,1298
2384,139,1177
2385,139,2155
2386,139,705
2387,139,2156
2388,139,2157
2389,139,266
2390,139,2158
2391,139,2159
2392,139,2160
2393,139,2161
2394,139,2162
2395,139,2163
2396,139,2164
2397,139,2165
2398,140,2166
2399,140,2167
2400,140,2168
2401,140,2169
2402,140,2170
2403,140,2171
2404,140,2172
2405,140,2173
2406,140,2174
2407,140,2175
2408,140,2176
2409,140,2177
2410,140,2178
2411,140,2179
2412,140,2180
2413,140,1335
2414,140,1336
2415,140,2181
2416,141,207
2417,141,2182
2418,141,983
2419,141,86
2420,141,2183
2421,141,2184
2422,141,462
2423,141,2185
2424,141,368
2425,141,2186
2426,141,2187
2427,141,2188
2428,141,2189
2429,141,2190
2430,141,2191
2431,141,2192
2432,141,2193
2433,141,2194
2434,142,2195
2435,142,2196
2436,142,2197
2437,142,2198
2438,142,2199
2439,142,2200
2440,142,2201
2441,142,2202
2442,142,2203
2443,142,2204
2444,142,2205
2445,142,2206
2446,142,2207
2447,142,2208
2448,142,2209
2449,142,2210
2450,142,2211
2451,142,2212
2452,143,1853
2453,143,2213
2454,143,2214
2455,143,2064
2456,143,2215
2457,143,2216
2458,143,2217
2459,143,2218
2460,143,2219
2461,143,2220
2462,143,2221
2463,143,2222
2464,143,2223
2465,143,2224
2466,143,2225
2467,143,1395
2468,143,2226
2469,143,2227
2470,144,2228
2471,144,2229
2472,144,2230
2473,144,2231
2474,144,2232
2475,144,2233
2476,144,2234
2477,144,2235
2478,144,2236
2479,144,122
2480,144,2237
2481,144,2238
2482,144,2239
2483,144,2240
2484,144,2241
2485,144,2242
2486,144,2243
2487,144,2244
2488,145,146
2489,145,2245
2490,145,2
2491,145,586
2492,145,2246
2493,145,2247
2494,145,2248
2495,145,2249
2496,145,2250
2497,145,2251
2498,145,2252
2499,145,2253
2500,145,2254
2501,145,2255
2502,145,2256
2503,145,2257
2504,145,2258
2505,145,2259
2506,146,582
2507,146,2120
2508,146,1381
2509,146,1738
2510,146,992
2511,146,405
2512,146,2260
2513,146,2261
2514,146,2262
2515,146,2263
2516,146,2264
2517,146,2265
2518,146,2266
2519,146,2267
2520,146,2268
2521,146,2269
2522,146,2270
2523,146,2271
2524,147,736
2525,147,2272
2526,147,2273
2527,147,2274
2528,147,2275
2529,147,2276
2530,147,2277
2531,147,2278
2532,147,2279
2533,147,2280
2534,147,2281
2535,147,2282
2536,147,2283
2537,147,2284
2538,147,2285
2539,147,2286
2540,147,2287
2541,147,2288
2542,148,2289
2543,148,2290
2544,148,2291
2545,148,2292
2546,148,2293
2547,148,2294
2548,148,2295
2549,148,2296
2550,148,2297
2551,148,2298
2552,148,2299
2553,148,2300
2554,148,2301
2555,148,2302
2556,148,2303
2557,148,2304
2558,148,2305
2559,148,2306
2560,149,330
2561,149,344
2562,149,1331
2563,149,2307
2564,149,2308
2565,149,335
2566,149,2309
2567,149,331
2568,149,2310
2569,149,2311
2570,149,334
2571,149,2312
2572,149,347
2573,149,2313
2574,149,2314
2575,149,2315
2576,149,1335
2577,149,2316
2578,150,2317
2579,150,2318
2580,150,2319
2581,150,1483
2582,150,2320
2583,150,2321
2584,150,1082
2585,150,2322
2586,150,2323
2587,150,2324
2588,150,2325
2589,150,2326
2590,150,2327
2591,150,2328
2592,150,2329
2593,150,2330
2594,150,2331
2595,150,2332
2596,151,2333
2597,151,2334
2598,151,1259
2599,151,2335
2600,151,2336
2601,151,2337
2602,151,2338
2603,151,2339
2604,151,2340
2605,151,2341
2606,151,2342
2607,151,2343
2608,151,98
2609,151,2344
2610,151,2345
2611,151,2346
2612,151,2347
2613,151,2348
2614,152,2349
2615,152,2350
2616,152,2351
2617,152,2352
2618,152,2353
2619,152,2354
2620,152,2355
2621,152,2356
2622,152,2357
2623,152,2358
2624,152,2359
2625,152,2360
2626,152,2361
2627,152,2362
2628,152,2363
2629,152,2364
2630,152,2365
2631,152,2366
2632,153,2367
2633,153,2368
2634,153,2231
2635,153,823
2636,153,2369
2637,153,2370
2638,153,2371
2639,153,2372
2640,153,2373
2641,153,2374
2642,153,2375
2643,153,2376
2644,153,2377
2645,153,2378
2646,153,2379
2647,153,2380
2648,153,2381
2649,153,2382
2650,154,2383
2651,154,2384
2652,154,2385
2653,154,2386
2654,154,2387
2655,154,1096
2656,154,2264
2657,154,2297
2658,154,2388
2659,154,2389
2660,154,2390
2661,154,2391
2662,154,2392
2663,154,2393
2664,154,1739
2665,154,2394
2666,154,2395
2667,154,2396
2668,155,330
2669,155,2397
2670,155,2398
2671,155,331
2672,155,337
2673,155,345
2674,155,1515
2675,155,335
2676,156,2061
2677,156,859
2678,156,2399
2679,156,2400
2680,156,2401
2681,156,2402
2682,156,2403
2683,156,2404
2684,156,2405
2685,156,2406
2686,156,2407
2687,156,2408
2688,156,2409
2689,156,2410
2690,156,2411
2691,156,2412
2692,156,2413
2693,156,2414
2694,157,276
2695,157,2415
2696,157,2416
2697,157,2417
2698,157,2418
2699,157,2419
2700,157,2420
2701,157,2421
2702,157,2422
2703,157,2423
2704,157,2424
2705,157,2425
2706,157,2426
2707,157,2427
2708,157,2428
2709,157,2429
2710,157,2430
2711,157,2431
2712,158,2432
2713,158,2433
2714,158,520
2715,158,2434
2716,158,521
2717,158,2435
2718,158,523
2719,158,2436
2720,158,2437
2721,158,2438
2722,158,2439
2723,158,2440
2724,158,2441
2725,158,2442
2726,158,2182
2727,158,2443
2728,158,2444
2729,158,2445
2730,159,2446
2731,159,840
2732,159,2447
2733,159,1031
2734,159,2448
2735,159,2449
2736,159,2450
2737,159,2451
2738,159,2452
2739,159,2453
2740,159,2454
2741,159,2455
2742,159,2456
2743,159,2457
2744,159,2458
2745,159,1636
2746,159,2459
2747,159,2460
2748,160,2461
2749,160,2462
2750,160,315
2751,160,2463
2752,160,2464
2753,160,2465
2754,160,2466
2755,160,2467
2756,160,2468
2757,160,2469
2758,160,2470
2759,160,2471
2760,160,2472
2761,160,2473
2762,160,2474
2763,160,2475
2764,160,2476
2765,160,2477
2766,161,2478
2767,161,619
2768,161,2479
2769,161,2480
2770,161,2481
2771,161,859
2772,161,2482
2773,161,2483
2774,161,2484
2775,161,2485
2776,161,2486
2777,161,2406
2778,161,2487
2779,161,2488
2780,161,2489
2781,161,2490
2782,161,2491
2783,161,2492
2784,162,259
2785,162,2493
2786,162,261
2787,162,266
2788,162,2494
2789,162,2495
2790,162,2496
2791,162,2497
2792,162,2498
2793,162,2499
2794,162,2500
2795,162,272
2796,162,2501
2797,162,2502
2798,162,2503
2799,162,2504
2800,162,2505
2801,162,2506
2802,163,2507
2803,163,2508
2804,163,2509
2805,163,2510
2806,163,2511
2807,163,2512
2808,163,2138
2809,163,2513
2810,163,2514
2811,163,2515
2812,163,2516
2813,163,2517
2814,163,2518
2815,163,2519
2816,163,2520
2817,163,2521
2818,163,2522
2819,163,2523
2820,164,2524
2821,164,2407
2822,164,2525
2823,164,2526
2824,164,2527
2825,164,2528
2826,164,2529
2827,164,2530
2828,164,1891
2829,164,2531
2830,164,2532
2831,164,2533
2832,164,2534
2833,164,2535
2834,164,2536
2835,164,2537
2836,164,2538
2837,164,2539
2838,165,2540
2839,165,2541
2840,165,2542
2841,165,2543
2842,165,2544
2843,165,2545
2844,165,2546
2845,165,2547
2846,165,2548
2847,165,2549
2848,165,2550
2849,165,2551
2850,165,2552
2851,165,2553
2852,165,2554
2853,165,2555
2854,165,2556
2855,165,2557
2856,166,2558
2857,166,2559
2858,166,2560
2859,166,2561
2860,166,2562
2861,166,2563
2862,166,2564
2863,166,2565
2864,166,2566
2865,166,2567
2866,166,2568
2867,166,2569
2868,166,2570
2869,166,231
2870,166,1748
2871,166,2571
2872,166,934
2873,166,2572
2874,167,2573
2875,167,2574
2876,167,986
2877,167,2575
2878,167,2052
2879,167,2576
2880,167,2386
2881,167,917
2882,167,2577
2883,167,2578
2884,167,2579
2885,167,2580
2886,167,2581
2887,167,2582
2888,167,2583
2889,167,2584
2890,167,2585
2891,167,2586
2892,168,2587
2893,168,2292
2894,168,461
2895,168,2588
2896,168,2589
2897,168,2590
2898,168,2591
2899,168,2592
2900,168,2593
2901,168,2594
2902,168,2595
2903,168,2596
2904,168,2597
2905,168,2598
2906,168,2599
2907,168,2600
2908,168,2601
2909,168,2602
2910,169,946
2911,169,232
2912,169,1518
2913,169,2603
2914,169,2369
2915,169,2604
2916,169,2605
2917,169,2606
2918,169,2607
2919,169,2608
2920,169,2609
2921,169,2610
2922,169,2611
2923,169,2612
2924,169,2613
2925,169,2614
2926,169,2615
2927,169,2615
2928,169,2616
2929,170,2617
2930,170,1895
2931,170,2618
2932,170,2619
2933,170,2620
2934,170,2293
2935,170,2621
2936,170,1198
2937,170,2622
2938,170,2623
2939,170,2624
2940,170,2625
2941,170,2626
2942,170,2627
2943,170,2628
2944,170,2629
2945,170,2630
2946,170,2631
2947,171,2632
2948,171,2633
2949,171,1485
2950,171,2634
2951,171,2635
2952,171,2636
2953,171,2637
2954,171,2638
2955,171,2639
2956,171,2640
2957,171,2641
2958,171,2642
2959,171,2643
2960,171,2644
2961,171,2645
2962,171,2646
2963,171,10
2964,171,2647
2965,172,2648
2966,172,2649
2967,172,2650
2968,172,2651
2969,172,2652
2970,172,2653
2971,172,2654
2972,172,2655
2973,172,2656
2974,172,2657
2975,172,2658
2976,172,2659
2977,172,2660
2978,172,2661
2979,172,2662
2980,172,2663
2981,172,2664
2982,172,2665
2983,173,146
2984,173,2666
2985,173,2667
2986,173,2668
2987,173,2669
2988,173,2670
2989,173,2671
2990,173,2672
2991,173,2186
2992,173,2673
2993,173,2674
2994,173,2675
2995,173,2676
2996,173,2677
2997,173,2678
2998,173,2679
2999,173,2680
3000,173,2681
3001,174,207
3002,174,2682
3003,174,2683
3004,174,654
3005,174,2684
3006,174,2685
3007,174,2686
3008,174,2672
3009,174,2687
3010,174,2688
3011,174,2689
3012,174,2690
3013,174,2691
3014,174,2692
3015,174,2693
3016,174,2694
3017,174,2695
3018,174,2696
3019,175,2697
3020,175,2698
3021,175,2699
3022,175,2700
3023,175,2701
3024,175,2702
3025,175,2703
3026,175,2704
3027,175,2705
3028,175,2706
3029,175,2707
3030,175,2708
3031,175,2709
3032,175,2710
3033,175,2711
3034,175,2712
3035,175,2713
3036,175,2714
3037,176,2715
3038,176,2716
3039,176,2
3040,176,2717
3041,176,2718
3042,176,2719
3043,176,2720
3044,176,994
3045,176,2721
3046,176,2722
3047,176,2723
3048,176,2724
3049,176,2725
3050,176,2726
3051,176,2727
3052,176,2728
3053,176,2729
3054,176,2730
3055,177,2731
3056,177,668
3057,177,2732
3058,177,2733
3059,177,2734
3060,177,2735
3061,177,2736
3062,177,1396
3063,177,2737
3064,177,2738
3065,177,2739
3066,177,2740
3067,177,2741
3068,177,2742
3069,177,2743
3070,177,2744
3071,177,2745
3072,177,2746
3073,178,2747
3074,178,2748
3075,178,2749
3076,178,2750
3077,178,85
3078,178,1854
3079,178,2751
3080,178,2752
3081,178,2753
3082,178,2754
3083,178,859
3084,178,191
3085,178,2755
3086,178,2756
3087,178,2757
3088,178,2758
3089,178,2293
3090,178,2759
3091,179,2760
3092,179,2761
3093,179,2762
3094,179,2763
3095,179,2764
3096,179,2765
3097,179,2766
3098,179,2767
3099,179,2768
3100,179,2769
3101,179,2770
3102,179,2771
3103,179,2772
3104,179,2773
3105,179,2774
3106,179,2775
3107,179,2776
3108,179,2777
3109,180,911
3110,180,2007
3111,180,2778
3112,180,1154
3113,180,2779
3114,180,2319
3115,180,2780
3116,180,2781
3117,180,969
3118,180,2782
3119,180,2428
3120,180,2783
3121,180,2784
3122,180,2785
3123,180,2786
3124,180,2787
3125,180,2788
3126,180,2789
3127,181,2790
3128,181,2791
3129,181,1070
3130,181,295
3131,181,2792
3132,181,2793
3133,181,2794
3134,181,2795
3135,181,2796
3136,181,2797
3137,181,2798
3138,181,2799
3139,181,2800
3140,181,2801
3141,181,2602
3142,181,1236
3143,181,2802
3144,181,2803
3145,182,2804
3146,182,2805
3147,182,2806
3148,182,2807
3149,182,2808
3150,182,2809
3151,182,2810
3152,182,2811
3153,182,2812
3154,182,2813
3155,182,2814
3156,182,2815
3157,182,2816
3158,182,2817
3159,182,2818
3160,182,2819
3161,182,2820
3162,182,2821
3163,183,2822
3164,183,1659
3165,183,2823
3166,183,2824
3167,183,2386
3168,183,2230
3169,183,2825
3170,183,2826
3171,183,2827
3172,183,183
3173,183,2828
3174,183,389
3175,183,2829
3176,183,2830
3177,183,1432
3178,183,2831
3179,183,2578
3180,183,2832
3181,184,789
3182,184,2833
3183,184,2834
3184,184,791
3185,184,2835
3186,184,2836
3187,184,2837
3188,184,2838
3189,184,2839
3190,184,2840
3191,184,2841
3192,184,2842
3193,184,2843
3194,184,2844
3195,184,2845
3196,184,2846
3197,184,2847
3198,184,2848
3199,185,2849
3200,185,1518
3201,185,2850
3202,185,2851
3203,185,2852
3204,185,2853
3205,185,2854
3206,185,2855
3207,185,2856
3208,185,2857
3209,185,2858
3210,185,2859
3211,185,2605
3212,185,2860
3213,185,2861
3214,185,2862
3215,185,2863
3216,185,2864
3217,186,2865
3218,186,2866
3219,186,1688
3220,186,2867
3221,186,2868
3222,186,2869
3223,186,2870
3224,186,2871
3225,186,2872
3226,186,2873
3227,186,2605
3228,186,2874
3229,186,1700
3230,186,1451
3231,186,1001
3232,186,2875
3233,186,2876
3234,186,2877
3235,187,2878
3236,187,2879
3237,187,2880
3238,187,2881
3239,187,2882
3240,187,2883
3241,187,2884
3242,187,2337
3243,187,2885
3244,187,2886
3245,187,2887
3246,187,2888
3247,187,2889
3248,187,2890
3249,187,2891
3250,187,2892
3251,187,2893
3252,187,2894
3253,188,2895
3254,188,2896
3255,188,2897
3256,188,2898
3257,188,2899
3258,188,2900
3259,188,2901
3260,188,2902
3261,188,2903
3262,188,2904
3263,188,2905
3264,188,245
3265,188,2906
3266,188,2907
3267,188,2908
3268,188,2909
3269,188,2910
3270,188,2911
3271,189,19
3272,189,2912
3273,189,68
3274,189,2913
3275,189,2914
3276,189,2915
3277,189,2916
3278,189,2917
3279,189,2918
3280,189,2919
3281,189,2920
3282,189,33
3283,189,2921
3284,189,2922
3285,189,2923
3286,189,1587
3287,189,69
3288,189,2924
3289,190,2925
3290,191,564
3291,191,2926
3292,191,2927
3293,191,2928
3294,191,2929
3295,191,2930
3296,191,2931
3297,191,2932
3298,191,2933
3299,191,2934
3300,191,2935
3301,191,2936
3302,191,2937
3303,191,2938
3304,191,2939
3305,191,2940
3306,191,2941
3307,191,2942
3308,192,2943
3309,192,2944
3310,192,2945
3311,192,2946
3312,192,2947
3313,192,2948
3314,192,2949
3315,192,2950
3316,192,2951
3317,192,2952
3318,192,2953
3319,192,2954
3320,192,2955
3321,192,2956
3322,192,2957
3323,192,2958
3324,192,2959
3325,192,2960
3326,193,259
3327,193,2683
3328,193,32
3329,193,2961
3330,193,2962
3331,193,2963
3332,193,2964
3333,193,2965
3334,193,2966
3335,193,2967
3336,193,2968
3337,193,2969
3338,193,2970
3339,193,2971
3340,193,2972
3341,193,2973
3342,193,2974
3343,193,2975
3344,194,2976
3345,195,2977
3346,195,2978
3347,195,2979
3348,195,2980
3349,195,2981
3350,195,2982
3351,195,2983
3352,195,2984
3353,195,2985
3354,195,2986
3355,195,2987
3356,195,2988
3357,195,2989
3358,195,2990
3359,195,2991
3360,195,2992
3361,195,2993
3362,195,2994
3363,196,1532
3364,196,1533
3365,196,2995
3366,196,2996
3367,196,2997
3368,196,2998
3369,196,2999
3370,196,3000
3371,196,3001
3372,196,3002
3373,196,3003
3374,196,3004
3375,196,3005
3376,196,3006
3377,196,3007
3378,196,3008
3379,196,3009
3380,196,3010
3381,197,3011
3382,197,3012
3383,197,3013
3384,197,3014
3385,197,3015
3386,197,3016
3387,197,3017
3388,197,3018
3389,197,3019
3390,197,3020
3391,197,3021
3392,197,3022
3393,197,3023
3394,197,3024
3395,197,3025
3396,198,2943
3397,198,3026
3398,198,2950
3399,198,3027
3400,198,3028
3401,198,3029
3402,198,3030
3403,198,3031
3404,198,3032
3405,198,3033
3406,198,3034
3407,198,3035
3408,198,3036
3409,198,3037
3410,199,1266
3411,199,3038
3412,199,3039
3413,199,3040
3414,199,3041
3415,199,3042
3416,199,3043
3417,199,3044
3418,199,3045
3419,199,3046
3420,199,3047
3421,199,3048
3422,199,3049
3423,199,3050
3424,199,3051
3425,199,3052
3426,199,3053
3427,199,3054
3428,200,2648
3429,200,3055
3430,200,3056
3431,200,1044
3432,200,3057
3433,200,3058
3434,200,3059
3435,200,3060
3436,200,3061
3437,200,3062
3438,200,3063
3439,200,3064
3440,200,3065
3441,200,3066
3442,200,3067
3443,200,3068
3444,200,3069
3445,200,3070
3446,201,3071
3447,201,3072
3448,201,3073
3449,201,1485
3450,201,2371
3451,201,3074
3452,201,1739
3453,201,934
3454,201,231
3455,201,3075
3456,201,3076
3457,201,456
3458,201,3077
3459,201,3078
3460,201,1186
3461,201,1751
3462,201,3079
3463,201,3080
3464,202,312
3465,202,3081
3466,202,739
3467,202,3082
3468,202,3083
3469,202,315
3470,202,3084
3471,202,317
3472,202,321
3473,202,3085
3474,202,3086
3475,202,3087
3476,202,3088
3477,202,1624
3478,202,3089
3479,202,3090
3480,202,3091
3481,202,3092
3482,203,3093
3483,203,1789
3484,203,3094
3485,203,3095
3486,203,3096
3487,203,3097
3488,203,3098
3489,203,3099
3490,203,3100
3491,203,3101
3492,203,3102
3493,203,3103
3494,203,3104
3495,203,3105
3496,203,3106
3497,203,3107
3498,203,3108
3499,203,3109
3500,204,3110
3501,204,3111
3502,204,3112
3503,204,3113
3504,204,3114
3505,204,2046
3506,204,3115
3507,204,3116
3508,204,3117
3509,204,3118
3510,204,3119
3511,204,3120
3512,204,3121
3513,205,3122
3514,205,3123
3515,205,2395
3516,205,2394
3517,205,3124
3518,205,3125
3519,205,3126
3520,205,3127
3521,205,3128
3522,205,3129
3523,205,3130
3524,205,3131
3525,205,3132
3526,205,3133
3527,205,3134
3528,205,3135
3529,205,3136
3530,205,3137
3531,206,3138
3532,206,3139
3533,206,3140
3534,207,3141
3535,207,2440
3536,207,2051
3537,207,3142
3538,207,2260
3539,207,3143
3540,207,3144
3541,207,3145
3542,207,3146
3543,207,3147
3544,207,3148
3545,207,3149
3546,207,3150
3547,207,3151
3548,207,3152
3549,207,3153
3550,207,3154
3551,207,3155
3552,208,3156
3553,208,3157
3554,208,3158
3555,208,3159
3556,208,3160
3557,208,3161
3558,208,3162
3559,208,3163
3560,208,3164
3561,208,3165
3562,208,3166
3563,208,3167
3564,208,3168
3565,208,3169
3566,208,3170
3567,208,3171
3568,208,3172
3569,208,3173
3570,209,3174
3571,209,3072
3572,209,3175
3573,209,1485
3574,209,3176
3575,209,3123
3576,209,3177
3577,209,3178
3578,209,3179
3579,209,2634
3580,209,3180
3581,209,3181
3582,209,3182
3583,209,3183
3584,209,3184
3585,209,3185
3586,209,3186
3587,209,3187
3588,209,3188
3589,210,3189
3590,210,3190
3591,210,3191
3592,210,3192
3593,210,3193
3594,210,3194
3595,210,1332
3596,210,344
3597,210,3195
3598,210,3196
3599,210,3197
3600,210,3198
3601,210,3199
3602,210,3200
3603,210,3201
3604,210,3202
3605,210,3203
3606,210,3204
3607,211,3205
3608,211,3206
3609,211,3207
3610,211,144
3611,211,3208
3612,211,3209
3613,211,3210
3614,211,3211
3615,211,3212
3616,211,3213
3617,211,900
3618,211,934
3619,211,1403
3620,211,3214
3621,211,3215
3622,211,3216
3623,211,3217
3624,211,3218
3625,212,3219
3626,212,30
3627,212,1302
3628,212,3220
3629,212,3221
3630,212,3222
3631,212,3223
3632,212,3224
3633,212,1583
3634,212,3225
3635,212,3226
3636,212,3227
3637,212,3228
3638,212,3229
3639,212,3230
3640,212,3231
3641,212,3232
3642,212,3233
3643,213,3234
3644,213,3235
3645,213,583
3646,213,3236
3647,213,3237
3648,213,3238
3649,213,3239
3650,213,3240
3651,213,3241
3652,213,3242
3653,213,2649
3654,213,3243
3655,213,3244
3656,213,3245
3657,213,647
3658,213,3246
3659,213,3247
3660,213,3248
3661,214,2507
3662,214,3249
3663,214,3250
3664,214,2890
3665,214,3251
3666,214,3252
3667,214,3253
3668,214,3254
3669,214,3255
3670,214,3256
3671,214,3257
3672,214,3258
3673,214,3259
3674,214,3260
3675,214,3261
3676,214,3262
3677,214,3263
3678,214,3264
3679,215,3265
3680,215,3266
3681,215,3267
3682,215,3268
3683,215,3269
3684,215,3270
3685,215,3271
3686,215,3272
3687,215,3273
3688,215,3274
3689,215,3275
3690,215,3276
3691,215,3277
3692,215,3278
3693,215,3279
3694,215,3280
3695,215,3281
3696,215,3282
3697,215,3283
3698,216,3284
3699,216,1398
3700,216,3285
3701,216,1049
3702,216,3286
3703,216,3287
3704,216,3288
3705,216,3289
3706,216,3290
3707,216,3291
3708,216,3292
3709,216,3293
3710,216,3294
3711,216,1251
3712,216,3295
3713,216,3296
3714,216,3297
3715,216,3298
3716,217,3299
3717,217,213
3718,217,2386
3719,217,1259
3720,217,3300
3721,217,3301
3722,217,3302
3723,217,3303
3724,217,3304
3725,217,3305
3726,217,3306
3727,217,3307
3728,217,3308
3729,217,3309
3730,217,3310
3731,217,3311
3732,217,3312
3733,217,3313
3734,218,478
3735,218,479
3736,218,1053
3737,218,3314
3738,218,1055
3739,218,3315
3740,218,3316
3741,218,482
3742,218,3317
3743,218,3318
3744,218,3319
3745,218,3320
3746,218,1056
3747,218,3321
3748,218,3322
3749,218,3323
3750,218,3324
3751,218,3325
3752,219,3326
3753,219,3327
3754,219,3328
3755,219,3329
3756,219,3330
3757,219,3331
3758,219,3332
3759,219,3333
3760,219,3334
3761,219,3335
3762,219,3336
3763,219,3337
3764,219,3338
3765,219,3339
3766,219,3340
3767,219,3341
3768,219,3342
3769,219,3343
3770,220,2804
3771,220,2805
3772,220,1833
3773,220,3344
3774,220,3345
3775,220,3346
3776,220,3347
3777,220,3348
3778,220,3349
3779,220,3350
3780,221,3351
3781,221,982
3782,221,3352
3783,221,3353
3784,221,3354
3785,221,3355
3786,221,3356
3787,221,3357
3788,221,3358
3789,221,3359
3790,221,3360
3791,221,3361
3792,221,3362
3793,221,3363
3794,221,3364
3795,221,3365
3796,221,3366
3797,221,3367
3798,222,3368
3799,222,3369
3800,222,3370
3801,222,24
3802,222,3371
3803,222,1397
3804,222,3372
3805,222,3373
3806,222,2348
3807,222,3374
3808,222,3375
3809,222,3376
3810,222,3377
3811,222,3378
3812,222,3379
3813,222,3380
3814,222,3381
3815,222,3382
3816,223,1379
3817,223,2183
3818,223,3383
3819,223,68
3820,223,3384
3821,223,3385
3822,223,3386
3823,223,3387
3824,223,3388
3825,223,3389
3826,223,3390
3827,223,3391
3828,223,3392
3829,223,3393
3830,223,3394
3831,223,3395
3832,223,3396
3833,223,3397
3834,224,3398
3835,224,3399
3836,224,3400
3837,224,3401
3838,224,3402
3839,224,2854
3840,224,3403
3841,224,3404
3842,224,3405
3843,224,3406
3844,224,1537
3845,224,3407
3846,224,3408
3847,224,3409
3848,224,3410
3849,224,3411
3850,224,3412
3851,224,3413
3852,225,3414
3853,225,1825
3854,225,3415
3855,225,3416
3856,225,3417
3857,225,507
3858,225,3418
3859,225,1835
3860,225,3419
3861,225,3420
3862,225,504
3863,225,3421
3864,225,3422
3865,225,3423
3866,225,3094
3867,225,3424
3868,225,3425
3869,225,3426
3870,226,3427
3871,226,3428
3872,226,3429
3873,226,3430
3874,226,3431
3875,226,3432
3876,226,3433
3877,226,3434
3878,226,3435
3879,226,3436
3880,226,3437
3881,226,3438
3882,226,3439
3883,226,3440
3884,226,3441
3885,226,3442
3886,226,3443
3887,226,3444
3888,227,3445
3889,227,3446
3890,227,3447
3891,227,3448
3892,227,3449
3893,227,3450
3894,227,3451
3895,227,3452
3896,227,3453
3897,227,3454
3898,227,3455
3899,227,3456
3900,227,3457
3901,227,3458
3902,227,3459
3903,227,3460
3904,227,3461
3905,227,3462
3906,228,3463
3907,228,2390
3908,228,105
3909,228,3464
3910,228,3465
3911,228,3466
3912,228,3467
3913,228,3468
3914,228,3469
3915,228,3470
3916,228,3471
3917,228,3472
3918,228,3473
3919,228,3474
3920,228,3475
3921,228,3476
3922,228,989
3923,228,3477
3924,229,3478
3925,229,122
3926,229,3479
3927,229,3480
3928,229,3481
3929,229,1403
3930,229,3482
3931,229,3483
3932,229,3484
3933,229,1179
3934,229,3485
3935,229,3206
3936,229,3486
3937,229,3487
3938,229,3488
3939,229,3489
3940,229,1404
3941,229,3216
3942,230,3490
3943,230,3491
3944,230,3492
3945,230,3493
3946,230,3494
3947,230,2445
3948,230,3495
3949,230,3496
3950,230,3497
3951,230,3498
3952,230,3499
3953,230,3500
3954,230,3501
3955,230,3502
3956,230,3503
3957,230,3504
3958,230,3505
3959,230,3506
3960,231,3507
3961,232,3508
3962,233,3509
3963,233,3164
3964,233,3510
3965,233,3511
3966,233,3512
3967,233,3513
3968,233,3514
3969,233,3515
3970,233,3516
3971,233,3517
3972,233,3518
3973,233,3519
3974,233,3520
3975,233,3521
3976,233,3522
3977,233,3523
3978,233,3524
3979,233,3525
3980,234,3526
3981,234,3527
3982,234,3528
3983,234,3529
3984,234,3530
3985,234,3531
3986,234,3532
3987,234,3533
3988,234,3534
3989,234,3535
3990,234,3536
3991,234,3537
3992,234,3538
3993,234,3539
3994,234,3540
3995,234,3541
3996,234,3542
3997,234,3543
3998,235,67
3999,235,3544
4000,235,3545
4001,235,3452
4002,235,3546
4003,235,3547
4004,235,3548
4005,235,747
4006,235,3549
4007,235,3550
4008,235,3551
4009,235,3552
4010,235,3382
4011,235,3553
4012,235,3554
4013,235,3088
4014,235,3555
4015,235,3556
4016,236,3557
4017,236,3558
4018,236,3559
4019,236,3560
4020,236,3561
4021,236,3562
4022,236,3563
4023,236,3564
4024,236,3565
4025,236,3566
4026,236,3567
4027,237,3568
4028,237,3569
4029,237,3570
4030,237,885
4031,237,3571
4032,237,3572
4033,237,3573
4034,237,3574
4035,237,3575
4036,237,3576
4037,237,3577
4038,237,3578
4039,237,3579
4040,237,3580
4041,237,3581
4042,237,3582
4043,237,3583
4044,237,3584
4045,238,3585
4046,238,1142
4047,238,3586
4048,238,3587
4049,238,3588
4050,238,3589
4051,238,3590
4052,238,3591
4053,238,3592
4054,238,3593
4055,238,3594
4056,238,3595
4057,238,3596
4058,238,3597
4059,238,3598
4060,238,3599
4061,238,3600
4062,238,3601
4063,239,3602
4064,239,3603
4065,239,2089
4066,239,3604
4067,239,3605
4068,239,3606
4069,239,3607
4070,239,3608
4071,239,3609
4072,239,3610
4073,239,1590
4074,239,3611
4075,239,3612
4076,239,3613
4077,239,3614
4078,239,3615
4079,239,3616
4080,239,3617
4081,240,3618
4082,240,1738
4083,240,3619
4084,240,3620
4085,240,3621
4086,240,3622
4087,240,3623
4088,240,3624
4089,240,3625
4090,240,3626
4091,240,3627
4092,240,3628
4093,240,3629
4094,240,3630
4095,240,3631
4096,240,3632
4097,240,1034
4098,240,3633
4099,241,1787
4100,241,3634
4101,241,3635
4102,241,3636
4103,241,3637
4104,241,3638
4105,241,3639
4106,241,3640
4107,241,3641
4108,241,3642
4109,241,3643
4110,241,3644
4111,241,3645
4112,241,3646
4113,241,871
4114,241,3647
4115,241,3648
4116,241,463
4117,242,3649
4118,242,3650
4119,242,3651
4120,242,3652
4121,242,3653
4122,242,3654
4123,242,3655
4124,242,3656
4125,242,3657
4126,242,3658
4127,242,3659
4128,242,3660
4129,242,3661
4130,242,3662
4131,242,3663
4132,242,3664
4133,242,3665
4134,242,3666
4135,243,3667
4136,243,3668
4137,243,3669
4138,243,406
4139,243,3670
4140,243,3671
4141,243,1383
4142,243,3672
4143,243,2779
4144,243,1186
4145,243,1751
4146,243,3673
4147,243,3488
4148,243,3674
4149,243,3079
4150,243,3675
4151,243,3676
4152,243,3677
4153,244,2461
4154,244,3678
4155,244,3679
4156,244,3680
4157,244,3681
4158,244,3682
4159,244,3683
4160,244,3684
4161,244,3685
4162,244,3686
4163,244,3687
4164,244,3688
4165,244,3689
4166,244,3690
4167,244,3691
4168,244,319
4169,244,3692
4170,244,3693
4171,245,3694
4172,245,3695
4173,245,3696
4174,245,3697
4175,245,350
4176,245,3698
4177,245,1096
4178,245,3699
4179,245,3700
4180,245,3701
4181,245,3702
4182,245,3703
4183,245,3704
4184,245,3705
4185,245,3706
4186,245,3707
4187,245,3708
4188,245,3709
4189,246,3710
4190,246,3711
4191,246,1643
4192,246,3712
4193,246,3713
4194,246,3714
4195,246,3715
4196,246,3716
4197,246,3717
4198,246,3718
4199,246,3719
4200,246,3720
4201,246,3721
4202,246,3722
4203,246,3723
4204,246,3724
4205,246,3725
4206,246,3726
4207,247,3727
4208,247,3728
4209,247,3729
4210,247,3730
4211,247,3731
4212,248,2349
4213,248,2350
4214,248,2354
4215,248,2352
4216,248,2351
4217,248,2353
4218,248,3732
4219,248,2356
4220,248,1427
4221,248,2357
4222,248,3733
4223,248,2359
4224,248,3734
4225,248,3735
4226,248,3736
4227,248,3737
4228,248,3738
4229,248,3739
4230,249,3740
4231,249,3741
4232,249,3742
4233,249,3743
4234,249,615
4235,249,3744
4236,249,3745
4237,249,3746
4238,249,1186
4239,249,1260
4240,249,3747
4241,249,606
4242,249,3676
4243,249,1263
4244,249,3748
4245,249,3749
4246,249,3750
4247,249,3751
4248,250,3752
4249,250,3753
4250,250,3754
4251,250,3755
4252,250,3756
4253,250,3757
4254,250,3758
4255,250,3759
4256,250,3760
4257,250,3761
4258,250,3762
4259,250,3763
4260,250,3764
4261,250,3765
4262,250,3766
4263,250,1876
4264,250,3767
4265,250,3768
